model,B,logB,error,label
B01,1.0422668228743328e-5,-11.471527486401278,NA,extreme evidence for H1
