model,B,logB,error,label
B01,1.8634359433705065e-6,-13.19308849298308,NA,extreme evidence for H1
